index,date,open,high,low,close,volume,returns,log_returns,volatility,ma_20,ma_50,rsi,sentiment_score,regime
0,2024-09-23,63578.76,64745.88,62538.75,63339.99,24078.05287,,,,,,,-1,Bear
1,2024-09-24,63339.99,64688.0,62700.0,64262.7,23185.04759,0.014567574134444872,0.01446248637939056,,,,,1,Bear
2,2024-09-25,64262.7,64817.99,62947.08,63152.01,17813.11168,-0.017283587524333677,-0.017434692343162504,,,,,-1,Bull
3,2024-09-26,63152.01,65839.0,62670.0,65173.99,28373.30593,0.03201766657941674,0.03151578569135097,,,,,1,Bull
4,2024-09-27,65173.99,66498.0,64819.9,65769.95,22048.80487,0.009144138635673427,0.009102584128001627,,,,,1,Bull
5,2024-09-28,65769.95,66260.0,65422.23,65858.0,9127.23316,0.0013387572896133015,0.0013378619530761801,,,,,1,Bull
6,2024-09-29,65858.0,66076.12,65432.0,65602.01,8337.74111,-0.0038869993015275828,-0.003894573316477157,,,,,-1,Bull
7,2024-09-30,65602.01,65618.8,62856.3,63327.59,30011.08752,-0.03466997428889751,-0.03528524055475455,,,,,-1,Bull
8,2024-10-01,63327.6,64130.63,60164.0,60805.78,43671.48108,-0.03982166382772501,-0.04063624492665931,,,,,-1,Bull
9,2024-10-02,60804.92,62390.31,60000.0,60649.28,31534.70118,-0.002573768480562233,-0.002577086316775542,,,,,-1,Bull
10,2024-10-03,60649.27,61477.19,59828.11,60752.71,26221.43472,0.001705378860227258,0.001703926352847916,,,,,1,Bull
11,2024-10-04,60752.72,62484.85,60459.9,62086.0,21294.65994,0.021946181495442696,0.02170883041003728,,,,,1,Bull
12,2024-10-05,62086.0,62370.56,61689.26,62058.0,7807.46141,-0.00045098734014104025,-0.00045108906551724495,,,,,-1,Bull
13,2024-10-06,62058.01,62975.0,61798.97,62819.91,8906.86177,0.012277385671468632,0.012202629820996201,,,,47.864102231341306,1,Bull
14,2024-10-07,62819.91,64478.19,62128.0,62224.0,25966.1852,-0.009486005312646983,-0.009531284031326389,,,,45.63064526864334,-1,Bull
15,2024-10-08,62224.01,63200.0,61860.31,62160.49,19702.22371,-0.001020667266649511,-0.0010211885021863328,,,,41.17567550550102,-1,Bull
16,2024-10-09,62160.5,62543.75,60301.0,60636.02,20011.15684,-0.02452474232426416,-0.024830482976427176,,,,39.79333448544164,-1,Bull
17,2024-10-10,60636.01,61321.68,58946.0,60326.39,23967.92481,-0.005106370767738344,-0.005119452832531935,,,,27.16171293748731,-1,Bull
18,2024-10-11,60326.4,63417.56,60087.64,62540.0,23641.35209,0.036693891346722296,0.03603669892744918,,,,36.795543610947384,1,Bull
19,2024-10-12,62539.99,63480.0,62487.23,63206.22,10911.30116,0.010652702270546932,0.010596362001929363,,62837.552,,39.64852014646296,1,Bull
20,2024-10-13,63206.23,63285.72,62050.0,62870.02,11909.21995,-0.005319096759781039,-0.0053332935199566596,0.019606278413779876,62814.0535,,39.40178029018747,-1,Bull
21,2024-10-14,62870.02,66500.0,62457.81,66083.99,37669.95222,0.051120868102157546,0.04985708823410627,0.022412406987159867,62905.118,,59.96640262183932,1,Bull
22,2024-10-15,66084.0,67950.0,64800.01,67074.14,43683.95423,0.014983205463229288,0.014872066015212413,0.022146330483497442,63101.2245,,75.48776917572047,1,Bull
23,2024-10-16,67074.14,68424.0,66750.49,67620.01,29938.25544,0.008138307848598592,0.008105370403983361,0.021157113901955026,63223.5255,,77.47373714840644,1,Bull
24,2024-10-17,67620.0,67939.4,66666.0,67421.78,25328.22861,-0.0029315286998625734,-0.0029358340463448997,0.021110879631200025,63306.117000000006,,76.08984294619265,-1,Bull
25,2024-10-18,67421.78,69000.0,67192.36,68428.0,28725.635,0.014924257413553965,0.014813986471420449,0.021328103461555198,63434.617000000006,,75.46190350010838,1,Bull
26,2024-10-19,68427.99,68693.26,68010.0,68378.0,8193.66737,-0.000730695037119311,-0.0007309621248523259,0.021294461166350497,63573.41650000001,,75.32883399193643,-1,Bull
27,2024-10-20,68377.99,69400.0,68100.0,69031.99,12442.47378,0.00956433355757702,0.00951888488044817,0.019432918538935213,63858.6365,,75.11355936862768,1,Bull
28,2024-10-21,69032.0,69519.52,66840.67,67377.5,31374.42184,-0.023967004283086846,-0.02425888605349007,0.017707645438456477,64187.222499999996,,69.19143846227178,-1,Bull
29,2024-10-22,67377.5,67836.01,66571.42,67426.0,24598.96268,0.0007198248673518926,0.0007195659176902162,0.017647355730165664,64526.0585,,69.63050504975189,1,Bull
30,2024-10-23,67426.01,67472.83,65260.0,66668.65,25530.2407,-0.011232313944175898,-0.01129587277243706,0.018022055856100973,64821.85549999999,,73.8548910468878,-1,Bull
31,2024-10-24,66668.65,68850.0,66510.0,68198.28,22589.83877,0.022943767422919148,0.02268451715263484,0.018071925688136314,65127.46949999999,,78.38879780849263,1,Bull
32,2024-10-25,68198.27,68771.49,65596.29,66698.33,34479.71125,-0.02199395644582236,-0.022239429463163648,0.019029807048721235,65359.486,,65.81021491517225,-1,Bull
33,2024-10-26,66698.32,67454.55,66439.9,67092.76,11842.9077,0.005913641316056761,0.005896224370562871,0.018931853016785044,65573.1285,,65.08869491217469,1,Bull
34,2024-10-27,67092.76,68332.05,66913.73,68021.7,8653.19592,0.013845607186230069,0.013750632418520554,0.018817424378471267,65863.0135,,69.12034988850718,1,Bull
35,2024-10-28,68021.69,70270.0,67618.0,69962.21,29046.75459,0.028527808037729363,0.02812846721520796,0.019487936697985295,66253.0995,,65.89661148393294,1,Bull
36,2024-10-29,69962.21,73620.12,69760.0,72736.42,50128.60594,0.03965297837218107,0.03888698282937757,0.019405771027754627,66858.1195,,70.24799890146984,1,Bull
37,2024-10-30,72736.41,72961.0,71436.0,72344.74,26885.99056,-0.00538492271134583,-0.005399473668343945,0.019416666333768644,67459.037,,67.0837633143455,-1,Bull
38,2024-10-31,72344.75,72700.0,69685.76,70292.01,29352.10297,-0.028374281253896405,-0.02878461169591104,0.020079553095379305,67846.6375,,59.150984241801254,-1,Bull
39,2024-11-01,70292.01,71632.95,68820.14,69496.01,38301.86755,-0.011324188908526045,-0.011388795745506882,0.020404766615680678,68161.12700000001,,53.45133692811914,-1,Bull
40,2024-11-02,69496.0,69914.37,69000.14,69374.74,10521.67243,-0.0017449922664622974,-0.0017465165389545408,0.020327155832620052,68486.363,,53.20625488944705,-1,Bull
41,2024-11-03,69374.74,69391.0,67478.73,68775.99,24995.70243,-0.008630662976178316,-0.008668122839253566,0.017539458874015205,68620.963,,49.173577196928804,-1,Bull
42,2024-11-04,68775.99,69500.0,66835.0,67850.01,29800.39187,-0.01346371022794457,-0.013555167807772158,0.017592886401737305,68659.7565,,51.60065122260063,-1,Bull
43,2024-11-05,67850.01,70577.91,67476.63,69372.01,33355.06888,0.022431831623900944,0.02218393837390412,0.01818184674825964,68747.3565,,55.99383494430934,1,Bull
44,2024-11-06,69372.01,76400.0,69298.0,75571.99,104126.994787,0.0893729329739763,0.08560223984821512,0.02613901106266572,69154.867,,70.53726553626444,1,Bull
45,2024-11-07,75571.99,76849.99,74416.0,75857.89,44869.422345,0.0037831476979763856,0.0037760095920657505,0.026052967340657877,69526.3615,,68.74384859680711,1,Bull
46,2024-11-08,75857.89,77199.99,75555.0,76509.78,36521.099583,0.008593568843003663,0.00855685431952021,0.02602531040184282,69932.9505,,75.04931253500895,1,Bull
47,2024-11-09,76509.78,76900.0,75714.66,76677.46,16942.07915,0.0021916152418686163,0.0021892171563324633,0.026019100018560667,70315.224,,74.7570453239878,1,Bull
48,2024-11-10,76677.46,81500.0,76492.0,80370.01,61830.100435,0.04815691599591321,0.04703330369431591,0.026639454076199495,70964.8495,,77.9106673122033,1,Bull
49,2024-11-11,80370.01,89530.54,80216.01,88647.99,82323.665776,0.10299836966550102,0.09803226217915882,0.033169385027847394,72025.949,67379.629,82.82975972113877,1,Bull
50,2024-11-12,88648.0,89940.0,85072.0,87952.01,97299.887911,-0.00785105223479976,-0.007882034011635572,0.033042623009524305,73090.117,67871.8694,78.83884873487366,-1,Bull
51,2024-11-13,87952.0,93265.64,86127.99,90375.2,86763.854127,0.027551274837266382,0.027178568661184198,0.03312103053135156,74198.963,68394.11940000001,81.73049442697908,1,Bull
52,2024-11-14,90375.21,91790.0,86668.21,87325.59,56729.51086,-0.03374388106471693,-0.03432634643790914,0.033919222601107725,75230.326,68877.591,78.96004455815203,-1,Bull
53,2024-11-15,87325.59,91850.0,87073.38,91032.07,47927.95068,0.04244437398018164,0.041568314974823425,0.03443381210976775,76427.2915,69394.75259999999,83.31770796590513,1,Bull
54,2024-11-16,91032.08,91779.66,90056.17,90586.92,22717.87689,-0.004890034907478302,-0.004902030249246929,0.03472809737558223,77555.5525,69891.09199999999,82.49104252289604,-1,Bull
55,2024-11-17,90587.98,91449.99,88722.0,89855.99,23867.55609,-0.008068824947354392,-0.008101554091419313,0.034914554892954495,78550.2415,70371.0518,82.1583631576217,-1,Bull
56,2024-11-18,89855.98,92594.0,89376.9,90464.08,46545.03448,0.006767384122082332,0.006744588166355547,0.03437219291992328,79436.6245,70868.2932,84.83652885427394,1,Bull
57,2024-11-19,90464.07,93905.51,90357.0,92310.79,43660.04682,0.020413737695668788,0.02020817024435305,0.034209419727344634,80434.927,71447.9572,84.98672447053453,1,Bull
58,2024-11-20,92310.8,94831.97,91500.0,94286.56,42203.198712,0.02140345673566446,0.021177619537080205,0.032857634769118356,81634.65449999999,72117.57280000001,82.7660007332469,1,Bull
59,2024-11-21,94286.56,98988.0,94040.0,98317.12,69228.360477,0.04274798019993509,0.04185951709945262,0.03279104919323091,83075.71,72870.9296,84.76384386753125,1,Bull
60,2024-11-22,98317.12,99588.01,97122.11,98892.0,46189.309243,0.0058472013826280644,0.005830172847894076,0.0326020812389692,84551.573,73633.7154,84.72743375134517,1,Bull
61,2024-11-23,98892.0,98908.85,97136.0,97672.4,24757.84367,-0.012332645714516866,-0.012409323871574746,0.03277177949931185,85996.39349999999,74345.4434,81.54526724980373,-1,Bull
62,2024-11-24,97672.4,98564.0,95734.77,97900.04,31200.97838,0.002330648166728677,0.002327936418892903,0.03216547801067208,87498.89499999999,75062.2842,79.40040056929003,1,Bull
63,2024-11-25,97900.05,98871.8,92600.19,93010.01,50847.45096,-0.04994921350389636,-0.051239836346874276,0.03569877375109125,88680.79500000001,75666.0862,58.25370431060122,-1,Bull
64,2024-11-26,93010.01,94973.37,90791.1,91965.16,57858.73138,-0.011233737099909935,-0.011297312096130885,0.03194187168028622,89500.45349999999,76260.9094,57.49463368428995,-1,Bull
65,2024-11-27,91965.16,97208.21,91792.14,95863.11,41153.42734,0.04238507278190995,0.04151142667791282,0.03267244549852176,90500.7145,76934.96179999999,59.71371677891551,1,Bull
66,2024-11-28,95863.11,96564.0,94640.0,95643.98,28814.54357,-0.002285863665387078,-0.002288480239917697,0.0328170902994016,91457.4245,77635.121,66.36333557192468,-1,Bull
67,2024-11-29,95643.99,98619.99,95364.99,97460.0,27701.78231,0.018987290156683212,0.01880928130380514,0.03278837130504659,92496.5515,78377.7932,63.66057148054749,1,Bull
68,2024-11-30,97460.0,97463.95,96092.01,96407.99,14503.83306,-0.010794274574184248,-0.010852955416106586,0.032079583047006664,93298.4505,79055.15299999999,62.05980980493634,-1,Bull
69,2024-12-01,96407.99,97836.0,95693.88,97185.18,16938.60452,0.008061468764155144,0.008029148706736931,0.02432195955719588,93725.31,79734.7322,65.15521022579001,1,Bull
70,2024-12-02,97185.17,98130.0,94395.0,95840.62,37958.66981,-0.01383503122595442,-0.013931627244584067,0.024522120436577657,94119.7405,80394.1442,60.788942444686136,-1,Bull
71,2024-12-03,95840.61,96305.52,93578.17,95849.69,35827.32283,9.463628261174861e-05,9.463180488125695e-05,0.023932634658939515,94393.465,80989.45820000001,57.666840271308544,1,Bull
72,2024-12-04,95849.69,99000.0,94587.83,98587.32,43850.53728,0.028561699051921963,0.028161417666881416,0.022866525130697337,94956.5515,81619.7218,59.01962659472376,1,Bull
73,2024-12-05,98587.32,104088.0,90500.0,96945.63,109921.729662,-0.016652141472148774,-0.01679234704122157,0.02179612572701713,95252.22949999999,82206.2342,46.80338892190798,-1,Bull
74,2024-12-06,96945.63,101898.99,95981.72,99740.84,45049.5331,0.028832759145512643,0.028424916087496886,0.02241358599940254,95709.9255,82852.6154,51.79287597718541,1,Bull
75,2024-12-07,99740.84,100439.18,98844.0,99831.99,14931.9459,0.0009138683812970338,0.0009134510578209996,0.022230089032067434,96208.7255,83480.6952,54.78969470101532,1,Bull
76,2024-12-08,99831.99,101351.0,98657.7,101109.59,14612.99688,0.012797501081567075,0.012716305068205409,0.022291043413009755,96741.00099999999,84135.32699999999,56.8015973491667,1,Bull
77,2024-12-09,101109.6,101215.93,94150.05,97276.47,53949.11595,-0.0379105483466009,-0.03864784755258232,0.02406984549027861,96989.285,84700.2166,59.46538120563445,-1,Bull
78,2024-12-10,97276.48,98270.0,94256.54,96593.0,51708.68933,-0.007026056763778543,-0.007050855728157901,0.02374987935560769,97104.607,85284.5266,60.4344375400211,-1,Bull
79,2024-12-11,96593.0,101888.0,95658.24,101125.0,37753.78291,0.04691851376393741,0.04585110055392514,0.02412330116745739,97245.001,85958.50660000001,61.53424945801923,1,Bull
80,2024-12-12,101125.0,102540.0,99311.64,100004.29,29232.08745,-0.011082422744128628,-0.011144290310743151,0.02425775614544658,97300.61549999999,86625.21940000002,59.19453191983781,-1,Bull
81,2024-12-13,100004.29,101895.26,99205.0,101424.25,21904.03923,0.014198990863292016,0.014099129370686553,0.024236060716497396,97488.208,87289.7388,58.50136626611544,1,Bull
82,2024-12-14,101424.24,102650.0,100609.41,101420.0,14191.70326,-4.19031937628489e-05,-4.190407172619906e-05,0.024239572351884148,97664.20599999999,87984.1722,61.25403669275686,-1,Bull
83,2024-12-15,101420.0,105250.0,101237.14,104463.99,22228.921775,0.030013705383553635,0.02957210835064263,0.02152181983664851,98236.905,88731.5968,64.83388025226611,1,Bull
84,2024-12-16,104463.99,107793.07,103333.0,106058.66,41302.40274,0.01526526030644626,0.015149918553743596,0.021226049196286356,98941.58,89492.336,70.61375406907214,1,Bull
85,2024-12-17,106058.65,108353.0,105321.49,106133.74,29064.936466,0.0007079101319968917,0.0007076596818099129,0.01964983382264983,99455.1115,90215.7666,70.69181220682215,1,Bull
86,2024-12-18,106133.74,106524.98,100000.0,100204.01,50307.99755,-0.0558703575319216,-0.057491789143001994,0.024111314513037944,99683.113,90765.11839999999,52.88255773442075,-1,Bull
87,2024-12-19,100204.01,102800.11,95700.0,97461.86,55147.398,-0.027365671293993032,-0.02774708582409932,0.024677210442009562,99683.20599999999,91267.4608,50.88568164872015,-1,Bull
88,2024-12-20,97461.86,98233.0,92232.54,97805.44,62884.1357,0.0035252764517319513,0.003519077229743537,0.024553455815879234,99753.0785,91817.7294,46.374495812518326,1,Bull
89,2024-12-21,97805.44,99540.61,96398.39,97291.99,23483.54143,-0.005249707991702657,-0.005263536125710258,0.024525072161692092,99758.41900000001,92373.649,45.31603141725825,-1,Bull
90,2024-12-22,97292.0,97448.08,94250.35,95186.27,19353.83036,-0.02164330280426996,-0.02188095438284901,0.024826242103816152,99725.7015,92889.87960000001,39.40064161752897,-1,Bull
91,2024-12-23,95186.28,96538.92,92520.0,94881.47,32810.76703,-0.003202142493870186,-0.0032072803231183965,0.02483415951594902,99677.2905,93411.9892,45.09493904207335,-1,Bull
92,2024-12-24,94881.47,99487.99,93569.02,98663.58,23674.22488,0.03986141867321402,0.039087452998785556,0.025606189337736094,99681.1035,94028.26060000001,53.763021495918174,1,Bull
93,2024-12-25,98663.58,99569.15,97632.02,99429.6,14474.1651,0.0077639591022340415,0.007733974670366026,0.025343658703221958,99805.302,94629.4124,46.43016867526707,1,Bull
94,2024-12-26,99429.61,99963.7,95199.14,95791.6,21192.36727,-0.03658870195595676,-0.03727485759295436,0.02589000346174509,99607.84,95033.8046,41.97995622062705,-1,Bull
95,2024-12-27,95791.6,97544.58,93500.01,94299.03,26501.26429,-0.01558142885179914,-0.01570409519397809,0.026057017559976834,99331.19200000001,95402.62739999998,36.47253278007544,-1,Bull
96,2024-12-28,94299.03,95733.99,94135.66,95300.0,8385.8929,0.01061484937862045,0.010558907393903796,0.025993569559490358,99040.71250000001,95778.43179999999,38.80467598683489,1,Bull
97,2024-12-29,95300.0,95340.0,93009.52,93738.2,13576.00578,-0.01638824763903468,-0.016524020398176582,0.02483999276564682,98863.799,96119.64660000001,29.254312754224756,-1,Bull
98,2024-12-30,93738.19,95024.5,91530.45,92792.05,27619.4225,-0.010093537106537043,-0.010144822242994745,0.024883666415346124,98673.7515,96368.0874,23.679585812786485,-1,Bull
99,2024-12-31,92792.05,96250.0,92033.73,93576.0,19612.03389,0.008448460832582105,0.008412972329420844,0.022375759588300993,98296.3015,96466.6476,25.76755046119409,1,Bull
100,2025-01-01,93576.0,95151.15,92888.0,94591.79,10373.32613,0.010855240659998211,0.010796745473918477,0.02253809391847065,98025.6765,96599.44319999998,36.63570042663115,1,Bull
101,2025-01-02,94591.78,97839.5,94392.0,96984.79,21970.48948,0.025298178626284695,0.02498347626229524,0.02309178046562499,97803.7035,96731.635,48.84474990446974,1,Bull
102,2025-01-03,96984.79,98976.91,96100.01,98174.18,15253.82936,0.012263675572221189,0.012189085912690157,0.023313890042116293,97641.4125,96948.60680000001,50.857785436862464,1,Bull
103,2025-01-04,98174.17,98778.43,97514.79,98220.5,8990.05651,0.0004718144831972193,0.00047170321374159335,0.02214298994739497,97329.238,97092.3754,52.207942419574444,1,Bull
104,2025-01-05,98220.51,98836.85,97276.79,98363.61,8095.63723,0.0014570278098766654,0.001455967374787927,0.021757949924148645,96944.4855,97247.9092,58.333359560805235,1,Bear
105,2025-01-06,98363.61,102480.0,97920.0,102235.6,25263.43375,0.039364049367443865,0.03860903512357024,0.023729361057672847,96749.5785,97495.50140000001,66.24779010541656,1,Bear
106,2025-01-07,102235.6,102724.38,96181.81,96954.61,32059.87537,-0.05165509861535522,-0.05303702286757633,0.02319467546797991,96587.1085,97625.31199999999,46.458834523757716,-1,Bear
107,2025-01-08,96954.6,97268.65,92500.9,95060.61,33704.67894,-0.01953491432743626,-0.019728242676769096,0.02278548529780979,96467.046,97680.3084,41.35128511606012,-1,Bear
108,2025-01-09,95060.61,95382.32,91203.67,92552.49,34544.83685,-0.026384429891623817,-0.026738745131460816,0.023447259726011502,96204.3985,97645.62700000001,43.2876950781556,-1,Bear
109,2025-01-10,92552.49,95836.0,92206.02,94726.11,31482.86424,0.02348526765730452,0.02321373193383758,0.02414161859854756,96076.10449999999,97573.80679999999,50.860729084371926,1,Bear
110,2025-01-11,94726.1,95050.94,93831.73,94599.99,7047.9043,-0.0013314174940783907,-0.0013323046178590012,0.023653578893500067,96046.79049999999,97487.9666,48.53764568496744,-1,Bear
111,2025-01-12,94599.99,95450.1,93711.19,94545.06,8606.86622,-0.0005806554525006336,-0.0005808240981644022,0.023643929458375814,96029.97,97425.4198,51.79882001901238,-1,Bear
112,2025-01-13,94545.07,95940.0,89256.69,94536.1,42619.56423,-9.476962625010188e-05,-9.477411717486941e-05,0.021768123959119354,95823.596,97358.141,54.05776283149274,-1,Bear
113,2025-01-14,94536.11,97371.0,94346.22,96560.86,27846.61753,0.021417849900725594,0.021191710994825055,0.02229102055237575,95680.159,97429.15800000001,56.565586355257786,1,Bear
114,2025-01-15,96560.85,100681.94,96500.0,100497.35,30509.99179,0.04076693186038316,0.03995787586321273,0.022449925398765766,95915.44649999999,97599.8018,61.51100507566723,1,Bear
115,2025-01-16,100497.35,100866.66,97335.13,99987.3,27832.85317,-0.005075258203325772,-0.005088181069371945,0.022122517578699222,96199.86,97682.2856,56.31606072653916,-1,Bear
116,2025-01-17,99987.3,105865.22,99950.77,104077.48,39171.85292,0.04090699518838892,0.04009244384371839,0.023595302046641033,96638.734,97850.9556,61.067453478937104,1,Bear
117,2025-01-18,104077.47,104988.88,102277.55,104556.23,24307.82998,0.0045999384304846735,0.004589391046213007,0.0230762310199474,97179.6355,97992.8802,61.68864592261772,1,Bear
118,2025-01-19,104556.23,106422.43,99651.6,101331.57,43397.28298,-0.030841395103859304,-0.0313270015419219,0.024284623476381606,97606.6115,98091.3518,54.91650769523339,-1,Bear
119,2025-01-20,101331.57,109588.0,99550.0,102260.01,89529.231732,0.009162396279856155,0.009120676170877553,0.024291290385428415,98040.812,98192.8484,50.04480531804798,1,Bear
120,2025-01-21,102260.0,107240.81,100119.04,106143.82,45941.02002,0.03797975376689289,0.03727627951194209,0.02535450758568616,98618.4135,98398.9124,67.77899066242207,1,Bull
121,2025-01-22,106143.82,106394.46,103339.12,103706.66,22248.69254,-0.022960922265658046,-0.023228630058235156,0.025720016146595703,98954.50700000001,98556.05180000002,66.38375202048054,-1,Bull
122,2025-01-23,103706.66,106850.0,101262.28,103910.34,53953.12031,0.0019640011547956693,0.001962075026061362,0.025636574552171273,99241.315,98662.51220000001,73.581998877982,1,Bull
123,2025-01-24,103910.35,107120.0,102750.0,104870.5,23609.24017,0.009240273874573157,0.009197843721146091,0.02566839563752609,99573.815,98821.0096,72.18017198592804,1,Bull
124,2025-01-25,104870.51,105286.52,104106.09,104746.85,9068.32377,-0.0011790732379457491,-0.0011797688916675218,0.025684990361913417,99892.977,98921.12980000001,72.18796904356225,-1,Bull
125,2025-01-26,104746.86,105500.0,102520.44,102620.0,9812.51238,-0.020304667873067395,-0.02051364123722352,0.02477453105970411,99912.197,98976.89,66.19029096625178,-1,Bull
126,2025-01-27,102620.01,103260.0,97777.77,102082.83,50758.1341,-0.0052345546677060595,-0.005248302947392055,0.021452844992772745,100168.60800000001,98996.3548,64.81737671018514,-1,Bull
127,2025-01-28,102082.83,103800.0,100272.68,101335.52,22022.05765,-0.0073206238502596666,-0.00734755111376838,0.020948022642181444,100482.3535,99077.5358,59.869747266867215,-1,Bull
128,2025-01-29,101335.52,104782.68,101328.01,103733.24,23155.35802,0.023661199942527578,0.023385612440133215,0.020161807012200987,101041.391,99220.34059999998,57.143374339226455,1,Bull
129,2025-01-30,103733.25,106457.44,103278.54,104722.94,19374.07472,0.00954081835292131,0.009495592181071395,0.019764137024055384,101541.23250000001,99292.29939999999,60.23734459065668,1,Bull
130,2025-01-31,104722.94,106012.0,101560.0,102429.56,21983.18193,-0.021899499765762886,-0.022142853251164527,0.02064418773608696,101932.71100000001,99340.80479999998,46.13752575889115,-1,Bull
131,2025-02-01,102429.56,102783.71,100279.51,100635.65,12290.95747,-0.01751359666096397,-0.017668774175154188,0.02118911773216765,102237.2405,99325.03279999999,41.34438086154823,-1,Bull
132,2025-02-02,100635.66,101456.6,96150.0,97700.59,34619.49939,-0.029165211334154395,-0.029598970722466058,0.022416342094904906,102395.465,99250.64459999999,41.8799087574917,-1,Bull
133,2025-02-03,97700.59,102500.01,91231.0,101328.52,75164.7385,0.03713314320824468,0.03646031368487303,0.02335728408630855,102633.84800000001,99187.9352,48.141294279674476,1,Bull
134,2025-02-04,101328.51,101732.31,96150.0,97763.13,40267.98697,-0.03518644109279401,-0.03582039951426249,0.023090499951384208,102497.137,99022.0246,33.061832963001436,-1,Bull
135,2025-02-05,97763.14,99149.0,96155.0,96612.43,26233.30444,-0.011770285996367091,-0.011840104206887518,0.023196695804197295,102328.39349999999,98831.5984,34.87539339971114,-1,Bull
136,2025-02-06,96612.44,99120.0,95676.64,96554.35,23515.20405,-0.0006011648811647952,-0.0006013456532248081,0.02101888913218467,101952.237,98758.60519999999,34.21936147107675,-1,Bull
137,2025-02-07,96554.35,100137.99,95620.34,96506.8,31794.22065,-0.0004924687494659574,-0.0004925900520273397,0.02094333110101222,101549.76550000001,98739.504,31.326358375308132,-1,Bull
138,2025-02-08,96506.8,96880.0,95688.0,96444.74,10147.24294,-0.0006430634939713631,-0.0006432703479849328,0.019936226660186056,101305.424,98712.29,31.41275101521036,-1,Bull
139,2025-02-09,96444.75,97323.09,94713.0,96462.75,14120.91613,0.00018673905907151678,0.00018672162550374357,0.019762149240088584,101015.561,98695.7052,34.77734589202814,1,Bull
140,2025-02-10,96462.75,98345.0,95256.0,97430.82,20572.87537,0.010035687350816946,0.009985664239646478,0.017672442205130062,100579.91100000001,98740.59619999999,38.73870907926316,1,Bull
141,2025-02-11,97430.82,98478.42,94876.88,95778.2,18647.76379,-0.016961983897908373,-0.017107486030289196,0.017377604333463286,100183.488,98758.53080000001,37.11207420346212,-1,Bull
142,2025-02-12,95778.21,98119.99,94088.23,97869.99,29151.16625,0.021839938524633062,0.021604863590941464,0.01826341104080952,99881.47050000001,98742.659,36.20687627180449,1,Bull
143,2025-02-13,97870.0,98083.91,95217.36,96608.14,19921.77616,-0.0128931248485874,-0.012976962582638805,0.01815707072745653,99468.35250000001,98686.2298,31.15151627768695,-1,Bull
144,2025-02-14,96608.13,98826.0,96252.82,97500.48,18173.02646,0.009236695789816451,0.009194298389878524,0.018391646138569313,99106.034,98720.4074,37.754057567169,1,Bull
145,2025-02-15,97500.47,97972.26,97223.58,97569.66,7349.37683,0.0007095349684433927,0.0007092833675137415,0.01797091027182103,98853.517,98785.82,41.66879068814495,1,Bull
146,2025-02-16,97569.67,97704.47,96046.18,96118.12,8191.4249,-0.014876960727340904,-0.014988732643856638,0.018179421595019486,98555.2815,98802.1824,45.32287134149983,-1,Bear
147,2025-02-17,96118.12,97046.59,95205.0,95780.0,16492.0451,-0.0035177550289164916,-0.0035239568777999416,0.01815149317868908,98277.5055,98843.0184,29.641895313084802,-1,Bear
148,2025-02-18,95780.01,96753.91,93388.09,95671.74,23368.19471,-0.0011302986009604776,-0.001130937870179614,0.017085180674184658,97874.43049999999,98900.6122,39.718018479533804,-1,Bear
149,2025-02-19,95671.74,96899.99,95029.99,96644.37,16438.50954,0.01016632497746972,0.010114995490717066,0.017111558428991237,97470.50200000001,98961.9796,50.159826262747586,1,Bear
150,2025-02-20,96644.37,98711.36,96415.09,98305.0,17057.39177,0.017182894357943512,0.017036938024453396,0.01716949257285033,97264.274,99036.24380000001,57.549387001763705,1,Bear
151,2025-02-21,98305.01,99475.0,94871.95,96181.98,32249.2814,-0.02159625654849706,-0.021832868521335577,0.01739259521177988,97041.5905,99020.1876,48.81193435024709,-1,Bear
152,2025-02-22,96181.99,96980.0,95770.49,96551.01,11268.17708,0.0038367893861199764,0.0038294476827775473,0.01619218437197731,96984.1115,98987.7242,50.380157815396444,1,Bear
153,2025-02-23,96551.01,96650.0,95227.94,96258.0,10884.84913,-0.003034768875022631,-0.0030393831239023624,0.013643331870060924,96730.5855,98948.4742,49.2816843003377,-1,Bear
154,2025-02-24,96258.0,96500.0,91349.26,91552.88,31550.10299,-0.04888030085811046,-0.05011535775172125,0.015696992685530407,96420.073,98812.2596,33.66253194983196,-1,Bear
155,2025-02-25,91552.88,92540.69,86050.99,88680.4,78333.11111,-0.0313750916410277,-0.03187783350742482,0.01686781346839683,96023.47150000001,98541.15559999998,31.524806080483117,-1,Bear
156,2025-02-26,88680.39,89414.15,82256.01,84250.09,56893.54409,-0.04995816437454048,-0.05124925785668909,0.019828090953570226,95408.2585,98287.06520000001,18.395666879529514,-1,Bear
157,2025-02-27,84250.09,87078.46,82716.49,84708.58,42505.45439,0.005442011990729023,0.005427257747781736,0.019971121422953774,94818.3475,98080.0246,21.318289099197088,1,Bear
158,2025-02-28,84708.57,85120.0,78258.52,84349.94,83648.03969,-0.0042338096093689215,-0.004242797559089215,0.019931555553414665,94213.6075,97915.9736,17.466005226996344,-1,Bear
159,2025-03-01,84349.95,86558.0,83824.78,86064.53,25785.05464,0.02032710396711601,0.020123266049919198,0.02077479601332389,93693.69649999999,97742.74200000001,23.679542383808084,1,Bear
160,2025-03-02,86064.54,95000.0,85050.6,94270.0,54889.09045,0.09534090292481712,0.09106564168828868,0.029902987846060325,93535.6555,97736.1422,46.77012771847409,1,Bear
161,2025-03-03,94269.99,94416.46,85117.11,86220.61,59171.10218,-0.08538654927336375,-0.08925376118948612,0.03566286814015888,93057.776,97569.65319999999,36.840434491605,-1,Bear
162,2025-03-04,86221.16,88967.52,81500.0,87281.98,55609.10706,0.012309933784973248,0.01223478265846054,0.035351609202936174,92528.3755,97424.5708,38.74588253852934,1,Bear
163,2025-03-05,87281.98,91000.0,86334.53,90606.01,38264.01163,0.038083806073143656,0.03737651951263447,0.036579650011921136,92228.269,97305.47379999999,42.38072982149409,1,Bear
164,2025-03-06,90606.0,92810.64,87836.0,89931.89,34342.44902,-0.007440124556858829,-0.007467940338037054,0.03647192352958421,91849.8395,97094.1646,39.16496955025056,-1,Bear
165,2025-03-07,89931.88,91283.02,84667.03,86801.75,57980.35713,-0.034805673493573885,-0.035425823298239754,0.0371136468463181,91311.44399999999,96830.45360000001,38.17007384568354,-1,Bear
166,2025-03-08,86801.74,86897.25,85218.47,86222.45,12989.23054,-0.006673828580645025,-0.006696198157303769,0.03705241255966723,90816.6605,96473.35299999999,37.04280309892047,-1,Bear
167,2025-03-09,86222.46,86500.0,80000.0,80734.37,26115.39345,-0.0636502442229373,-0.06576620160006473,0.0394218543606685,90064.379,95996.9158,32.771251054070746,-1,Bear
168,2025-03-10,80734.48,84123.46,77459.91,78595.86,47633.38405,-0.026488223045525672,-0.026845356703792466,0.0395863277596254,89210.58499999999,95542.2016,34.75103636772765,-1,Bear
169,2025-03-11,78595.86,83617.4,76606.0,82932.99,48770.06853,0.055182677560879245,0.053713906024732805,0.04187667897641189,88525.01599999999,95155.66120000002,43.461358097474005,1,Bear
170,2025-03-12,82932.99,84539.85,80607.65,83680.12,31933.986,0.009008839546240877,0.008968502033038601,0.041664663348590626,87793.772,94706.38719999998,49.292250931856564,1,Bear
171,2025-03-13,83680.12,84336.33,79939.9,81115.78,27546.27412,-0.030644554525017353,-0.03112391755655611,0.04187763694489083,87040.462,94254.56959999999,45.76043182989617,-1,Bear
172,2025-03-14,81115.78,85309.71,80818.84,83983.2,26858.52755,0.03534971863674374,0.034739262047201416,0.0429148283756022,86412.07149999999,93856.02679999999,49.59143085428985,1,Bear
173,2025-03-15,83983.19,84676.28,83618.0,84338.44,11324.7332,0.004229893597767154,0.004220972745167093,0.04298050940573616,85816.09349999999,93445.38560000001,48.01697637062181,1,Bear
174,2025-03-16,84338.44,85117.04,81981.12,82574.53,17596.12531,-0.020914662400679962,-0.021136472120496245,0.041911847727537505,85367.176,93001.9392,34.22945616935871,-1,Bear
175,2025-03-17,82574.52,84756.83,82456.0,84010.03,17214.74358,0.017384295133135996,0.017234917011719673,0.04170234062748025,85133.6575,92629.73980000001,46.37208029089266,1,Bear
176,2025-03-18,84010.02,84021.74,81134.66,82715.03,17610.89883,-0.015414826063030795,-0.015534869726955195,0.04025374347521085,85056.9045,92242.38380000001,42.56193434169874,-1,Bear
177,2025-03-19,82715.03,87000.0,82547.16,86845.94,28151.05374,0.04994146771149088,0.04873441757894435,0.04175010922661103,85163.77249999999,91952.59219999998,44.03290979419319,1,Bear
178,2025-03-20,86845.93,87453.67,83655.23,84223.39,22090.30463,-0.030197727147636355,-0.030663070683642123,0.042346638528860996,85157.445,91562.39520000001,41.46843117773163,-1,Bear
179,2025-03-21,84223.38,84850.33,83175.25,84088.79,11956.97443,-0.0015981308755205204,-0.0015994092488549737,0.042079045383190836,85058.658,91149.71220000001,45.54662861847915,-1,Bear
180,2025-03-22,84088.79,84539.17,83625.1,83840.59,5420.22114,-0.0029516419489445944,-0.00295600663481781,0.03605383525725514,84537.1875,90777.93280000001,46.04716726875399,-1,Bear
181,2025-03-23,83840.59,86129.64,83809.75,86082.5,8461.97813,0.02674015056430301,0.026388880980959678,0.030877551563900395,84530.28199999999,90486.8698,59.94728883449551,1,Bear
182,2025-03-24,86082.5,88765.43,85519.09,87498.16,30115.62111,0.01644538669299811,0.01631162582836565,0.030976427693157997,84541.09099999999,90282.8212,67.01542460673943,1,Bear
183,2025-03-25,87498.16,88539.63,86310.0,87392.87,22643.25248,-0.0012033395902268929,-0.0012040641846587025,0.02970983240766171,84380.434,90004.10819999999,60.1695301733062,-1,Bear
184,2025-03-26,87392.88,88275.0,85860.0,86909.17,18408.78485,-0.005534776464029556,-0.005550150091920325,0.02969368474858873,84229.298,89787.02900000001,57.45249196486558,-1,Bear
185,2025-03-27,86909.17,87756.39,85800.0,87232.01,17098.03897,0.003714682811951864,0.0037078004164337397,0.028625130964220643,84250.811,89599.42060000001,65.74503172314084,1,Bear
186,2025-03-28,87232.01,87515.67,83585.0,84424.38,27182.73169,-0.0321857767578666,-0.0327151282624945,0.029534120214230887,84160.9075,89356.82119999999,51.13923815288383,-1,Bear
187,2025-03-29,84424.38,84624.73,81644.81,82648.54,11696.39864,-0.02103468216171689,-0.02125906318917359,0.025848268863292063,84256.616,89079.656,45.9345231851744,-1,Bear
188,2025-03-30,82648.53,83534.64,81565.0,82389.99,9864.49508,-0.0031283069247198814,-0.003133210305684936,0.025026295071542637,84446.32250000001,88798.56100000002,49.5213759805127,-1,Bear
189,2025-03-31,82390.0,83943.08,81278.52,82550.01,20569.13885,0.0019422262340362817,0.0019403425512951966,0.021919272527764305,84427.1735,88520.3062,45.94499713931798,1,Bear
190,2025-04-01,82550.0,85579.46,82432.74,85158.34,20190.39697,0.031596967704788925,0.031108055610873073,0.022943468698484234,84501.0845,88274.8566,56.3245656586783,1,Bear
191,2025-04-02,85158.35,88500.0,82320.0,82516.29,39931.457,-0.0310251468030025,-0.031516618721199686,0.022972444957144716,84571.11,88009.61839999999,37.856597541842,-1,Bear
192,2025-04-03,82516.28,83998.02,81211.24,83213.09,27337.84135,0.008444393222235336,0.008408938788086611,0.021644537114587553,84532.60449999999,87716.48039999999,46.823239685512355,1,Bear
193,2025-04-04,83213.09,84720.0,81659.0,83889.87,32915.53976,0.00813309540602325,0.008100200026060092,0.021705991833457266,84510.176,87462.115,49.39514461553431,1,Bear
194,2025-04-05,83889.87,84266.0,82379.95,83537.99,9360.40468,-0.004194546969735313,-0.004203368759459135,0.021172801733903995,84558.349,87182.8652,49.08565033044708,-1,Bear
195,2025-04-06,83537.99,83817.63,77153.83,78430.0,27942.71436,-0.061145713465215135,-0.06309499122461922,0.025101833053239632,84279.3475,86800.07200000001,30.29063490297402,-1,Bear
196,2025-04-07,78430.0,81243.58,74508.0,79163.24,78387.53089,0.009348973607038236,0.00930554243469642,0.02508624539217429,84101.758,86460.9744,27.750929745116892,1,Bear
197,2025-04-08,79163.24,80867.99,76239.9,76322.42,35317.32063,-0.03588559538492875,-0.036545314426559464,0.023146754673126328,83575.582,86071.82280000001,24.21455413954878,-1,Bear
198,2025-04-09,76322.42,83588.0,74620.0,82615.22,75488.28772,0.0824502158081466,0.0792271898213657,0.029318616887285064,83495.1735,85810.6924,42.12857879780332,1,Bear
199,2025-04-10,82615.22,82753.21,78464.36,79607.3,33284.80718,-0.036408787630172745,-0.03708812786599812,0.030412623314293234,83271.099,85469.951,37.275459644567135,-1,Bear
200,2025-04-11,79607.3,84300.0,78969.58,83423.84,34435.43797,0.047942085713244875,0.04682832264786211,0.03236836621497992,83250.2615,85172.3278,48.384639626781905,1,Bear
201,2025-04-12,83423.83,85905.0,82792.95,85276.9,18470.74437,0.022212595344448305,0.02196948907660708,0.032191546874094104,83209.9815,84954.22619999999,54.232902735807066,1,Bear
202,2025-04-13,85276.91,86100.0,83034.23,83760.0,24680.04181,-0.017787935537056265,-0.01794804235026729,0.03216305677526368,83023.0735,84698.406,52.12042174106713,-1,Bear
203,2025-04-14,83760.0,85799.99,83678.0,84591.58,28659.09348,0.009928127984718316,0.009879167909975919,0.03227609537072836,82883.00899999999,84465.0776,53.09547440934794,1,Bear
204,2025-04-15,84591.58,86496.42,83600.0,83643.99,20910.99528,-0.011201942320973268,-0.01126515660201265,0.03233787736520367,82719.75,84306.8998,47.582142646159554,-1,Bear
205,2025-04-16,83643.99,85500.0,83111.64,84030.38,20867.24519,0.004619459210398746,0.0046088222541115645,0.032346748941347654,82559.6685,84213.8994,52.60508411994515,1,Bear
206,2025-04-17,84030.38,85470.01,83736.26,84947.91,13728.84772,0.010919027142326287,0.010859844983458261,0.03161910528189237,82585.845,84227.8558,52.962362649935024,1,Bear
207,2025-04-18,84947.92,85132.08,84303.96,84474.69,6529.96315,-0.005570707978571843,-0.005586282238964962,0.03124847498380807,82677.1525,84223.17800000001,51.005624287678515,-1,Bear
208,2025-04-19,84474.7,85677.99,84364.45,85077.01,9666.58153,0.007130183016948566,0.0071048834511910006,0.031259459931075,82811.5035,84237.7194,52.623815547652555,1,Bear
209,2025-04-20,85077.0,85320.76,83949.52,85179.24,8091.67725,0.0012016172171542827,0.001200895852997235,0.03125947927785412,82942.965,84220.01359999999,63.87468372437623,1,Bear
210,2025-04-21,85179.24,88465.99,85144.76,87516.23,31773.37262,0.02743614523914495,0.027066519704468342,0.031070959638081763,83060.85949999999,84084.9382,66.10936018011338,1,Bear
211,2025-04-22,87516.22,93888.0,87076.03,93442.99,43872.74705,0.0677218385664009,0.06552725583428472,0.033172030897088665,83607.1945,84229.3858,79.50618764828005,1,Bear
212,2025-04-23,93442.99,94696.05,91935.41,93691.08,27404.16808,0.0026549878166355345,0.0026514695623879032,0.03317699672539307,84131.094,84357.56779999999,74.11242680841136,1,Bear
213,2025-04-24,93691.07,94005.0,91660.01,93980.47,19497.06071,0.0030887678955136,0.0030840074520417163,0.033178686941418664,84635.624,84425.05700000002,85.49177992146616,1,Bull
214,2025-04-25,93980.47,95758.04,92855.96,94638.68,27500.66648,0.007003689170739236,0.006979277255771385,0.0330975071623687,85190.65849999999,84519.19279999999,82.81061844582823,1,Bull
215,2025-04-26,94638.68,95199.0,93870.69,94628.0,9415.06875,-0.0001128502637609552,-0.00011285663183106742,0.028881205695492056,86000.5585,84675.7178,80.66360700635111,-1,Bull
216,2025-04-27,94628.0,95369.0,93602.58,93749.3,11162.841,-0.009285835059390402,-0.009329217194183042,0.02918299533399066,86729.8615,84826.25480000001,84.18726488191398,-1,Bull
217,2025-04-28,93749.29,95630.0,92800.01,95011.18,22157.53351,0.013460153835815225,0.013370370730845774,0.02719886826810882,87664.29950000001,85111.791,84.63967372297043,1,Bull
218,2025-04-29,95011.18,95461.53,93742.54,94256.82,16955.3402,-0.007939697201950202,-0.007971384433910092,0.022209644115651118,88246.3795,85425.01019999999,85.74125650394879,-1,Bull
219,2025-04-30,94256.82,95228.45,92910.0,94172.0,17661.2751,-0.0008998818334843284,-0.0009002869702098006,0.019808078114575463,88974.6145,85649.79040000001,84.86247677924928,-1,Bull
220,2025-05-01,94172.0,97424.02,94130.43,96489.91,21380.45343,0.024613579407891883,0.024315545810009744,0.0180731045765099,89627.918,85905.98619999998,86.19189291564555,1,Bull
221,2025-05-02,96489.9,97895.68,96350.0,96887.14,14905.74811,0.004116803508263045,0.004108352658419524,0.017747144218417485,90208.43000000001,86221.4134,89.10770739219785,1,Bull
222,2025-05-03,96887.13,96935.67,95753.01,95856.42,9723.34838,-0.010638357164841517,-0.01069534904680462,0.017292094224192117,90813.251,86458.87780000002,83.06979335463257,-1,Bull
223,2025-05-04,95856.42,96304.48,94151.38,94277.62,11036.38342,-0.016470466975503584,-0.016607613109211234,0.018037602639987042,91297.553,86657.66140000001,75.59385503084752,-1,Bull
224,2025-05-05,94277.61,95199.0,93514.1,94733.68,17251.18189,0.0048374152847727725,0.004825752587870044,0.017607930690086312,91852.0375,86900.8444,72.70550869185796,1,Bull
225,2025-05-06,94733.68,96920.65,93377.0,96834.02,16122.64513,0.022170995574119168,0.021928792437757434,0.01794691473832654,92492.21949999999,87157.3242,64.05061990405392,1,Bull
226,2025-05-07,96834.02,97732.0,95784.61,97030.5,16644.83854,0.0020290389679165077,0.0020269832486365163,0.017957965987682876,93096.349,87443.63360000002,63.89620808983006,1,Bull
227,2025-05-08,97030.5,104145.76,96876.29,103261.6,34962.02847,0.06421795208723036,0.06224021212940302,0.021567389005356905,94035.69450000001,87771.94679999999,75.84223454652683,1,Bull
228,2025-05-09,103261.61,104361.3,102315.14,102971.99,27617.39907,-0.002804624371499198,-0.002808564699583071,0.02175154377842874,94930.44350000001,88146.91880000001,73.68939926737016,-1,Bull
229,2025-05-10,102971.99,104984.57,102818.76,104809.53,15324.78611,0.017845046988020696,0.017687693367897713,0.021731073877812163,95911.95800000001,88561.3336,76.22004012247916,1,Bull
230,2025-05-11,104809.53,104972.0,103345.06,104118.0,17987.12197,-0.006597968715249425,-0.0066198315306769204,0.021674202508650577,96742.04650000001,88966.8818,76.96196975512238,-1,Bull
231,2025-05-12,104118.0,105819.45,100718.37,102791.32,31272.77792,-0.01274208110028996,-0.012823957677924932,0.01754738305220762,97209.463,89301.0582,70.16292803985661,-1,Bull
232,2025-05-13,102791.32,104976.25,101429.7,104103.72,21253.42409,0.012767615008738131,0.012686796194268246,0.017626990775502862,97730.095,89633.1694,74.80175021988572,1,Bull
233,2025-05-14,104103.72,104356.95,102602.05,103507.82,16452.9081,-0.005724099004339123,-0.005740544445962826,0.017794220942885908,98206.4625,89955.4684,72.92427672708882,-1,Bull
234,2025-05-15,103507.83,104192.7,101383.07,103763.71,17998.98604,0.0024721803627976158,0.0024691295519930546,0.017794101568014933,98662.714,90292.5592,69.8734664169073,1,Bull
235,2025-05-16,103763.71,104550.33,103100.49,103463.9,15683.88024,-0.002889353127408567,-0.0028935353660749547,0.01784367839905015,99104.509,90617.19700000001,68.06518316352484,-1,Bull
236,2025-05-17,103463.9,103709.86,102612.5,103126.65,11250.89622,-0.00325959102643536,-0.0032649150658740724,0.01764741113987145,99573.3765,90991.2424,70.76094598384066,-1,Bull
237,2025-05-18,103126.65,106660.0,103105.09,106454.26,21599.98726,0.0322672170578604,0.03175756480007516,0.018573851337158484,100145.53050000001,91467.35680000001,81.61416954855594,1,Bull
238,2025-05-19,106454.27,107108.62,102000.0,105573.74,30260.03524,-0.008271345834351629,-0.00830574322175089,0.01858693695713417,100711.3765,91931.0318,77.53708086203801,-1,Bull
239,2025-05-20,105573.73,107320.0,104184.72,106849.99,23705.48275,0.012088706907607882,0.012016222070838009,0.018571046788961734,101345.276,92417.0314,76.55548644462442,1,Bull
240,2025-05-21,106850.0,110797.38,106100.01,109643.99,45531.040345,0.02614880918566298,0.025812774424210004,0.01865027560612798,102002.98,92906.7444,79.39372923957724,1,Bull
241,2025-05-22,109643.99,111980.0,109177.37,111696.21,31630.77313,0.018717122570968137,0.018544112729196732,0.018835743582936715,102743.4335,93490.34280000001,74.40964137149462,1,Bull
242,2025-05-23,111696.22,111800.0,106800.0,107318.3,31737.72309,-0.03919479452346686,-0.03998359037453153,0.021273792393303462,103316.5275,93972.44699999999,60.171322846962234,-1,Bull
243,2025-05-24,107318.3,109506.03,106875.41,107761.91,16782.53129,0.004133591381898505,0.004125071563271793,0.020627588604198773,103990.742,94449.88780000001,57.391453255075476,1,Bull
244,2025-05-25,107761.9,109299.99,106600.64,109004.19,17710.04695,0.011528006509906819,0.011462065339148519,0.020649487483023025,104704.2675,94959.21179999999,61.90456931547247,1,Bull
245,2025-05-26,109004.2,110422.22,108670.58,109434.79,14649.11593,0.003950306864350717,0.003942524889582682,0.020355393752029053,105334.30600000001,95579.3076,66.92496019361822,1,Bull
246,2025-05-27,109434.78,110718.0,107516.57,108938.17,21276.65635,-0.004538044985511469,-0.004548373170012511,0.020477655287952534,105929.68950000001,96174.8062,62.850423195167366,-1,Bull
247,2025-05-28,108938.17,109284.7,106769.43,107781.78,15633.78829,-0.010615103962183348,-0.0106718460844975,0.015870500903977465,106155.69849999998,96803.99339999999,61.03187451731869,-1,Bull
248,2025-05-29,107781.78,108891.91,105322.86,105589.75,19834.70116,-0.02033766746104948,-0.02054732532520838,0.016638814493963358,106286.5865,97263.484,54.28505052306507,-1,Bull
249,2025-05-30,105589.75,106313.12,103621.0,103985.48,23706.49799,-0.015193425498213675,-0.015310028157546413,0.016559448308881126,106245.38399999999,97751.04759999999,51.15334811043555,-1,Bull
250,2025-05-31,103985.47,104900.0,103068.55,104591.88,11289.35922,0.005831583409529939,0.00581464554481119,0.01654684486688013,106269.07800000001,98174.4084,53.201889277037324,1,Bull
251,2025-06-01,104591.88,105866.91,103752.49,105642.93,9709.70006,0.0100490592577549,0.00999890319604234,0.016385615450960216,106411.65849999999,98581.729,48.03114906463018,1,Bull
252,2025-06-02,105642.93,105935.63,103659.88,105857.99,13453.98813,0.0020357254385126033,0.002033656157331761,0.01617004561077883,106499.372,99023.6888,50.712810119421086,1,Bull
253,2025-06-03,105858.0,106794.67,104872.5,105376.89,13259.52634,-0.004544767948078454,-0.004555126803574655,0.01614682838484704,106592.8255,99439.395,46.15248799333873,-1,Bull
254,2025-06-04,105376.9,106000.0,104179.0,104696.86,14034.89482,-0.00645331248625769,-0.00647422512636591,0.016224585431414463,106639.48300000001,99860.45240000001,35.474882806788415,-1,Bull
255,2025-06-05,104696.86,105909.71,100372.26,101508.68,22321.50154,-0.030451534076571196,-0.030924814911036578,0.017674373670774814,106541.722,100210.0184,21.95917212434759,-1,Bull
256,2025-06-06,101508.69,105333.0,101095.8,104288.44,15839.07385,0.027384456186406947,0.027016209665029333,0.01873137879809784,106599.8115,100596.829,40.855947047752885,1,Bull
257,2025-06-07,104288.43,105900.0,103871.09,105552.15,8344.93206,0.012117450409652175,0.012044621848145592,0.017480229799444615,106554.706,101018.37819999998,43.645542654829775,1,Bull
258,2025-06-08,105552.15,106488.14,104964.14,105734.0,8048.06305,0.0017228450581063814,0.0017213626629398297,0.017385859579270493,106562.719,101431.51799999998,39.985361715680426,1,Bull
259,2025-06-09,105734.01,110530.17,105318.37,110263.02,19975.37451,0.042834093101556725,0.0419420963494116,0.019612733285891124,106733.3705,101933.1936,52.02744416652348,1,Bull
260,2025-06-10,110263.02,110400.0,108331.03,110274.39,17071.82839,0.00010311707406529536,0.00010311175786527098,0.018764505912775266,106764.89050000001,102388.3568,53.350564838301686,1,Bull
261,2025-06-11,110274.39,110392.01,108064.0,108645.12,13115.91638,-0.014774690660270262,-0.01488492352072924,0.018540132583999322,106612.33600000001,102692.3994,52.11467146097358,-1,Bull
262,2025-06-12,108645.13,108813.55,105671.72,105671.73,17778.67218,-0.027367911232460296,-0.027749388787279217,0.017364111398561647,106530.00749999999,102932.0124,50.193399595932135,-1,Bull
263,2025-06-13,105671.74,106179.53,102664.31,106066.59,26180.81734,0.003736666372359032,0.0037297023772628075,0.017358465651785695,106445.2415,103173.7348,55.206666983570216,1,Bull
264,2025-06-14,106066.59,106252.0,104300.0,105414.64,8798.93969,-0.0061466103511010894,-0.0061655785271072,0.017149737712017075,106265.764,103389.254,52.05375775064151,-1,Bull
265,2025-06-15,105414.63,106128.57,104494.53,105594.01,7164.20047,0.0017015663099546607,0.0017001202861056666,0.01711838563731493,106073.725,103608.5742,49.872331008219675,1,Bull
266,2025-06-16,105594.02,108952.38,104980.37,106794.53,14922.6654,0.011369205507016922,0.011305061807508105,0.01734925062660656,105966.54299999999,103869.47879999998,52.3245689368449,1,Bull
267,2025-06-17,106794.53,107771.34,103371.02,104551.17,17866.33025,-0.02100631933114927,-0.02123009135616664,0.017813662545793127,105805.0125,104060.27859999999,48.11536593471203,-1,Bull
268,2025-06-18,104551.17,105550.27,103500.0,104886.78,13968.64167,0.0032100071190022117,0.0032048660451346727,0.01726169755297045,105769.86399999999,104272.87779999999,50.44039992171492,1,Bull
269,2025-06-19,104886.79,105226.17,103929.27,104658.59,7678.60737,-0.002175583996381625,-0.0021779540173212956,0.016908194505423274,105803.51950000001,104482.6096,58.46648493218286,-1,Bull
270,2025-06-20,104658.59,106524.65,102345.0,103297.99,16419.06283,-0.013000366238452021,-0.013085610610985732,0.017112031519721776,105738.825,104618.77120000002,47.11794807330705,-1,Bull
271,2025-06-21,103297.98,103982.64,100837.9,102120.01,11154.21332,-0.011403706887229914,-0.011469227749354669,0.01708401590129393,105562.679,104723.4286,39.96294160378165,-1,Bull
272,2025-06-22,102120.02,103399.62,98200.0,100963.87,28746.41072,-0.01132138549535977,-0.011385960226360707,0.01719301306381741,105317.973,104825.5776,36.80215896407794,-1,Bull
273,2025-06-23,100963.87,106074.2,99613.33,105333.93,27666.50609,0.043283404251441615,0.0423728593887924,0.019872130234396834,105315.825,105046.70379999999,36.2413308568739,1,Bull
274,2025-06-24,105333.94,106290.0,104622.02,106083.0,14651.69335,0.007111383767794521,0.007086217120930923,0.01987167673319556,105385.13200000001,105273.6902,38.763252418048545,1,Bull
275,2025-06-25,106083.0,108135.3,105808.03,107340.58,16701.15551,0.01185467982617383,0.011784963544526447,0.018549999736229936,105676.727,105483.82139999999,46.43152569003891,1,Bull
276,2025-06-26,107340.59,108272.45,106562.5,106947.06,10573.27279,-0.0036660878858676416,-0.003672824455672302,0.017690180172633768,105809.65800000001,105682.1526,54.06186838365456,-1,Bull
277,2025-06-27,106947.06,107735.34,106356.76,107047.59,12232.44042,0.0009399977895605538,0.0009395562683027059,0.017507150411481015,105884.43000000001,105757.87240000001,53.18413864018779,1,Bull
278,2025-06-28,107047.58,107577.75,106811.51,107296.79,3282.17352,0.002327936574751499,0.0023252311283283957,0.01750951895819976,105962.56949999998,105844.36839999999,56.27310983466572,1,Bull
279,2025-06-29,107296.79,108528.5,107172.52,108356.93,6831.7364,0.009880444699230884,0.00983195226177919,0.014793614077435121,105867.26499999998,105915.31640000001,58.69800094443569,1,Bear
280,2025-06-30,108356.93,108789.99,106733.33,107146.5,9754.12491,-0.011170766835125301,-0.011233628430860393,0.014970423665921365,105710.8705,105975.8864,51.10735250349067,-1,Bear
281,2025-07-01,107146.51,107540.0,105250.85,105681.14,10505.62437,-0.013676228341569674,-0.01377060945880646,0.014919734656887517,105562.67149999998,106033.6828,53.73805527308046,-1,Bear
282,2025-07-02,105681.13,109730.0,105100.19,108849.6,17691.89592,0.02998131927797143,0.029540665453745153,0.015089822714181602,105721.56499999999,106128.60040000001,61.040181063850426,1,Bear
283,2025-07-03,108849.59,110529.18,108530.4,109584.78,13047.08225,0.006754090047184302,0.006731383365643195,0.015128238992279146,105897.47450000001,106250.13960000001,63.347033881084315,1,Bear
284,2025-07-04,109584.77,109767.59,107245.0,107984.24,11793.86615,-0.014605495398174795,-0.014713205707567904,0.015476827754356675,106025.95449999999,106334.5502,62.53397445944435,-1,Bear
285,2025-07-05,107984.25,108420.56,107756.31,108198.12,3736.9757,0.001980659399927198,0.001978700480306492,0.015477422928586285,106156.15999999999,106429.2346,67.14066313256167,1,Bear
286,2025-07-06,108198.12,109700.0,107800.01,109203.84,6447.607,0.009295170747883663,0.009252236497324772,0.015413684464499863,106276.62550000001,106550.7784,73.4360770139599,1,Bear
287,2025-07-07,109203.85,109700.0,107513.2,108262.94,9405.37601,-0.00861599738617247,-0.008653329682976453,0.014693801314843895,106462.21399999999,106586.95199999999,60.34948563691349,-1,Bear
288,2025-07-08,108262.94,109216.56,107429.57,108922.98,9216.0208,0.006096638424931022,0.0060781291164992805,0.014722850309220497,106664.024,106653.9368,60.09843914011897,1,Bull
289,2025-07-09,108922.99,111999.79,108324.53,111233.99,17282.2865,0.02121691859697572,0.02099497361671242,0.015287043687403114,106992.794,106741.6168,62.87936878221574,1,Bull
290,2025-07-10,111234.0,116868.0,110500.0,116010.0,24883.450665,0.04293660597808269,0.042040393709379065,0.017088780096953637,107628.39450000001,106868.93699999999,73.24140654651394,1,Bull
291,2025-07-11,116010.01,118869.98,115222.22,117527.66,25873.521148,0.013082148090681978,0.012997315848983379,0.01665754636679729,108398.777,106985.56599999999,75.05451951346748,1,Bull
292,2025-07-12,117527.66,118200.0,116900.05,117420.0,8446.60437,-0.000916039679510372,-0.0009164595002588142,0.016206885758870786,109221.5835,107187.6,74.36628044398043,-1,Bull
293,2025-07-13,117420.0,119488.0,117224.79,119086.64,9550.792947,0.014193834099812674,0.014094044790011754,0.01410634925592917,109909.219,107414.0946,75.09346574684433,1,Bull
294,2025-07-14,119086.65,123218.0,118905.18,119841.18,27269.348877,0.006336059191862198,0.006316070756330813,0.01410466929629782,110597.128,107630.8344,80.33579307576136,1,Bull
295,2025-07-15,119841.17,119940.83,115736.92,117758.09,32018.46083,-0.01738208852749945,-0.01753493076270058,0.014979004492383364,111118.00349999999,107797.30040000001,78.03204351820433,-1,Bull
296,2025-07-16,117758.08,120063.84,117017.29,118630.43,17039.90851,0.007407898684498093,0.0073805949622627876,0.014859929414387135,111702.17199999999,107991.14559999999,75.41107631457388,1,Bull
297,2025-07-17,118630.44,120998.71,117453.57,119177.56,15728.57651,0.004612054428193568,0.004601451493544703,0.014827404328540312,112308.67050000001,108219.06120000001,75.16844062808941,1,Bull
298,2025-07-18,119177.56,120820.71,116812.76,117924.84,19924.66266,-0.010511374792368633,-0.01056700950065718,0.015241075963803455,112840.073,108465.763,76.56587565355058,-1,Bull
299,2025-07-19,117924.84,118499.9,117277.34,117840.0,6635.80306,-0.0007194412983727583,-0.0007197002204572691,0.015237523587020848,113314.22649999999,108742.85339999999,75.94651324252033,-1,Bull
300,2025-07-20,117840.01,118856.8,116467.02,117265.12,12962.92889,-0.004878479293957905,-0.004890417918115617,0.014963029266251772,113820.1575,108996.31820000001,72.20804365529332,-1,Bull
301,2025-07-21,117265.11,119676.73,116515.0,117380.36,17107.33128,0.00098273041463659,0.0009822478512299445,0.014366033065312048,114405.11850000001,109231.0668,76.31472309770373,1,Bull
302,2025-07-22,117380.36,120247.8,116128.0,119954.42,20959.12973,0.02192922223104432,0.021692235206271098,0.0137620772216499,114960.35949999999,109512.99539999999,78.67123197950703,1,Bull
303,2025-07-23,119954.43,120090.0,117301.0,118755.99,14558.75083,-0.009990711471907332,-0.01004095354590667,0.014147491289875806,115418.92,109780.57740000001,70.75007006803773,-1,Bull
304,2025-07-24,118756.0,119450.0,117103.1,118340.99,15806.89043,-0.0034945605691132364,-0.0035006808084234644,0.013576782144819517,115936.75749999999,110053.46,58.46756411364822,-1,Bull
305,2025-07-25,118340.98,118451.57,114723.16,117614.31,38406.34873,-0.0061405604262733116,-0.006159491204291899,0.013779270051907126,116407.567,110375.5726,50.3339564103058,-1,Bull
306,2025-07-26,117614.31,118297.35,117138.38,117919.99,6991.67206,0.0025990034716014687,0.002595631902628258,0.013730416615147557,116843.3745,110648.2036,51.89803261188938,1,Bull
307,2025-07-27,117919.99,119766.65,117825.5,119415.55,9328.30919,0.01268283689644134,0.012603083346820849,0.013533778532796107,117401.005,110925.4716,51.265019972785026,1,Bull
308,2025-07-28,119415.56,119800.0,117427.5,118062.32,13961.74754,-0.011332108758030257,-0.011396806340220294,0.01400960312692869,117857.972,111172.038,43.4595349028744,-1,Bull
309,2025-07-29,118062.32,119273.36,116950.75,117950.76,15137.93445,-0.0009449246804570377,-0.0009453714032179849,0.013459341004185875,118193.81049999999,111325.7928,50.82852068614086,-1,Bull
310,2025-07-30,117950.75,118792.0,115796.23,117840.3,15586.73631,-0.000936492482117024,-0.0009369312651676298,0.009827553589876834,118285.32549999999,111477.11099999999,46.36403211273885,-1,Bull
311,2025-07-31,117840.29,118922.45,115500.0,115764.08,17010.0073,-0.017618930026484958,-0.01777599093867902,0.010215863555037438,118197.14649999999,111619.4902,36.22992667751017,-1,Bull
312,2025-08-01,115764.07,116052.0,112722.58,113297.93,24487.10206,-0.021303240176054672,-0.02153342924967691,0.011223419157426135,117991.04299999999,111772.0142,32.999289388072754,-1,Bull
313,2025-08-02,113297.92,114063.49,112003.0,112546.35,11507.33428,-0.00663366047376146,-0.006655760991846373,0.010621018659206768,117664.02850000001,111901.6094,31.457968031619544,-1,Bull
314,2025-08-03,112546.35,114799.97,111920.0,114208.8,7397.76046,0.014771247579330682,0.014663215250676506,0.011149930170314995,117382.4095,112077.4926,40.052531196500546,1,Bull
315,2025-08-04,114208.81,115720.0,114107.6,115055.03,9667.67916,0.00740949909288946,0.007382183600908784,0.010755723454997063,117247.25649999999,112266.713,42.77546729102625,1,Bull
316,2025-08-05,115055.03,115127.81,112650.0,114129.75,12042.79078,-0.008042064740672372,-0.008074576568790104,0.010664547261979409,117022.22249999999,112413.4174,29.837772274725836,-1,Bull
317,2025-08-06,114129.75,115716.0,113355.13,114992.27,9761.15318,0.007557363439418818,0.00752894963418136,0.010778450034230998,116812.95799999998,112622.23939999999,36.66161064882412,1,Bull
318,2025-08-07,114992.27,117621.0,114259.0,117472.01,13468.56263,0.021564406024856986,0.021335183728332856,0.011729437943753146,116790.3165,112873.944,47.31354191527535,1,Bull
319,2025-08-08,117472.02,117630.0,115878.71,116674.74,10045.31278,-0.006786893320374743,-0.00681002901994848,0.011822537165961718,116732.0535,113114.26699999999,47.107935087137186,-1,Bull
320,2025-08-09,116674.74,117944.05,116299.13,116462.25,9514.13144,-0.0018212168289383213,-0.0018228772606176664,0.011782368522807634,116691.90999999999,113377.55219999999,45.48707984897285,-1,Bull
321,2025-08-10,116462.25,119311.11,116460.63,119294.01,14322.77073,0.024314831629991707,0.024023932127064194,0.012984056052269806,116787.5925,113721.0322,49.65248351055128,1,Bull
322,2025-08-11,119294.27,122335.16,118050.11,118686.0,26494.33429,-0.005096735368355865,-0.005109768025592827,0.012065851584918345,116724.17150000001,114075.47480000001,51.86265210504057,-1,Bull
323,2025-08-12,118686.0,120324.43,118207.47,120134.08,16720.10893,0.012200933555769122,0.01212710210107966,0.012164121445819546,116793.076,114371.47780000001,56.038530299409715,1,Bull
324,2025-08-13,120134.09,123667.79,118920.92,123306.43,23210.07102,0.02640674486373884,0.02606410567702287,0.01337833990523749,117041.348,114715.9464,62.928326363177526,1,Bull
325,2025-08-14,123306.44,124474.0,117180.0,118295.09,27980.947586,-0.0406413517932519,-0.04149029256629387,0.016490713937555388,117075.38700000002,114935.0366,55.256456319249025,-1,Bull
326,2025-08-15,118295.09,119216.82,116803.99,117342.05,13623.33874,-0.008056462867562786,-0.008089091530436165,0.016584843990911882,117046.48999999999,115142.93639999999,58.96218177885613,-1,Bull
327,2025-08-16,117342.04,117898.99,117143.98,117380.66,6393.68117,0.00032903805583761603,0.00032898393468814104,0.0163091697250552,116944.7455,115349.59779999999,61.06291451803434,1,Bull
328,2025-08-17,117380.66,118575.0,117172.21,117405.01,5898.64192,0.0002074447357851561,0.00020742322210116917,0.016119877806394112,116911.88,115551.76219999998,57.90707765595785,1,Bull
329,2025-08-18,117405.01,117543.75,114640.14,116227.05,17745.93954,-0.010033302667407429,-0.010083975477294543,0.01626859059772533,116825.69450000001,115709.1646,52.85262963179316,-1,Bull
330,2025-08-19,116227.05,116725.69,112732.58,112872.94,18065.47424,-0.028858256318128994,-0.02928284432910472,0.017476866680077464,116577.32650000001,115823.6934,47.2644300818009,-1,Bull
331,2025-08-20,112872.95,114615.38,112380.0,114271.24,15636.34194,0.012388265956393196,0.012312159298069381,0.017355868710437407,116502.6845,115995.49540000001,48.4663771976581,1,Bull
332,2025-08-21,114271.23,114821.76,112015.67,112500.0,10839.69235,-0.01550031311465605,-0.01562169894735077,0.01702872487301554,116462.78799999999,116068.5034,39.09594800804072,-1,Bull
333,2025-08-22,112500.0,117429.05,111684.79,116935.99,23128.09037,0.03943102222222228,0.03867346942564925,0.019043178504845992,116682.26999999999,116215.5276,50.494087404960275,1,Bull
334,2025-08-23,116936.0,117030.0,114560.0,115438.05,11329.36197,-0.012809914210329953,-0.012892668639070098,0.019068971882954915,116743.7325,116364.60380000001,48.152802646747766,-1,Bull
335,2025-08-24,115438.06,115666.68,110680.0,113493.59,21175.98462,-0.01684418612407268,-0.016987662875338143,0.01938443111520197,116665.66050000003,116470.5132,39.192749381609175,-1,Bull
336,2025-08-25,113493.59,113667.28,109274.1,110111.98,25182.79379,-0.029795603434519924,-0.03024851157390859,0.02043508060107447,116464.77200000003,116488.67600000002,35.52144624439957,-1,Bear
337,2025-08-26,110111.98,112371.0,108666.66,111763.22,18452.43877,0.01499600679235824,0.014884678291290745,0.020676432852270086,116303.31950000001,116558.6816,35.960840639542965,1,Bear
338,2025-08-27,111763.22,112625.0,110345.42,111262.01,13392.60875,-0.004484570147495814,-0.004494655997296272,0.01997480773091304,115992.81950000001,116605.46220000001,27.811719365987017,-1,Bear
339,2025-08-28,111262.01,113485.9,110862.42,112566.9,11104.27744,0.011728082208833035,0.011659841291183425,0.02020122260765903,115787.42750000002,116632.12040000001,37.778531637575504,1,Bear
340,2025-08-29,112566.9,112638.64,107463.9,108377.4,22580.31045,-0.03721786777462999,-0.037928131382763526,0.02175743016432775,115383.18500000001,116479.4684,33.19427056912252,-1,Bear
341,2025-08-30,108377.4,108926.15,107350.1,108816.33,10708.39159,0.004050014117334522,0.004041834886721533,0.020862691552869354,114859.301,116305.2418,34.182152378145034,1,Bear
342,2025-08-31,108816.33,109480.02,108076.93,108246.35,9489.51596,-0.005238000583184466,-0.005251767001620112,0.02086289958726698,114337.31850000001,116121.7688,33.418654063965604,-1,Bear
343,2025-09-01,108246.36,109912.4,107255.0,109237.42,16053.60219,0.009155689776144893,0.009114030534832748,0.020746279512992113,113792.4855,115924.78440000002,37.25936886972772,1,Bear
344,2025-09-02,109237.43,111771.52,108393.39,111240.01,18510.28756,0.018332454208457083,0.018166440657325495,0.02019669422612146,113189.1645,115752.761,46.869256622678435,1,Bear
345,2025-09-03,111240.01,112575.27,110528.71,111705.71,11773.72084,0.004186443348935365,0.004177704576073605,0.018370819836345177,112859.69549999999,115631.7134,44.898802410687836,1,Bear
346,2025-09-04,111705.72,112180.0,109329.12,110730.87,12203.13536,-0.008726859173089796,-0.008765161209067217,0.01838155589863535,112529.1365,115473.7222,46.367282068341,-1,Bear
347,2025-09-05,110730.87,113384.62,110206.96,110659.99,21587.40888,-0.0006401105671796081,-0.0006403155254173387,0.018373871790897202,112193.103,115303.3708,34.29809795825237,-1,Bear
348,2025-09-06,110660.0,111307.7,109977.0,110187.97,5000.29897,-0.004265498307021387,-0.00427462149747006,0.018360688848207726,111832.251,115148.63339999999,36.15406362809697,-1,Bear
349,2025-09-07,110187.98,111600.0,110180.0,111137.34,5681.29944,0.008615913334277803,0.008579008182539868,0.01846487691166064,111577.76549999998,115014.5802,43.44168253651922,1,Bear
350,2025-09-08,111137.35,112924.37,110621.78,112065.23,11582.40211,0.008349039125823854,0.008314378685943164,0.01745280009652279,111537.38,114910.5824,56.296699378663334,1,Bear
351,2025-09-09,112065.23,113293.29,110766.66,111546.39,15379.28248,-0.0046298035528057335,-0.004640554288638579,0.017215056601477836,111401.1375,114793.903,49.24595085030926,-1,Bear
352,2025-09-10,111546.38,114313.13,110917.45,113960.0,17517.41823,0.02163772399985331,0.02140695144426305,0.017570662800143855,111474.1375,114674.01460000001,58.28106746977156,1,Bear
353,2025-09-11,113960.0,115488.09,113430.0,115482.69,13676.73119,0.013361618111618068,0.013273138970620393,0.01546960975322956,111401.47249999999,114608.5486,58.83149350826364,1,Bear
354,2025-09-12,115482.69,116665.63,114740.99,116029.42,15324.10719,0.004734302604139096,0.004723131039401508,0.015234084583041204,111431.04100000001,114562.3172,79.73935767508166,1,Bear
355,2025-09-13,116029.41,116298.78,115127.27,115918.29,8269.40394,-0.0009577743299932218,-0.0009582332889029288,0.01469115213437253,111552.27599999998,114528.3968,78.32323283886372,-1,Bear
356,2025-09-14,115918.29,116165.19,115135.0,115268.01,6707.60197,-0.005609813602322822,-0.005625607702316823,0.012845394204400208,111810.07749999998,114475.35720000001,77.82477547306782,-1,Bear
357,2025-09-15,115268.01,116757.99,114384.0,115349.71,13212.51149,0.000708782948538822,0.0007085318805328954,0.012500214979278163,111989.402,114394.04040000001,76.10244724455448,1,Bear
358,2025-09-16,115349.71,116964.27,114737.11,116788.96,10926.9094,0.012477274541912609,0.01240007484979025,0.01263823946888819,112265.74949999999,114368.5732,74.89450359939453,1,Bear
359,2025-09-17,116788.96,117286.73,114720.81,116447.59,16754.2454,-0.0029229646363835293,-0.00292724484014056,0.012497312823285308,112459.78399999999,114338.5098,71.51371068725832,-1,Bear
360,2025-09-18,116447.6,117900.0,116092.76,117073.53,11657.23365,0.005375293726559649,0.005360898398273296,0.008326402984352957,112894.5905,114323.17440000002,79.71719594816194,1,Bear
361,2025-09-19,117073.53,117459.99,115100.0,115632.38,8992.09065,-0.01230978514101344,-0.01238617811420754,0.00908333769920448,113235.393,114320.54040000001,70.64608199488951,-1,Bear
362,2025-09-20,115632.39,116121.81,115408.47,115685.63,4674.92752,0.0004605111474831336,0.0004604051447670285,0.008896861792820681,113607.35699999999,114368.2944,73.64951132218322,1,Bear
363,2025-09-21,115685.63,115819.06,115188.0,115232.29,4511.52219,-0.003918723526854739,-0.003926421842189095,0.008927936923875062,113907.10049999999,114422.0132,68.40068049647837,-1,Bear
364,2025-09-22,115232.29,115379.25,111800.0,112650.99,20781.71356,-0.022400839209218093,-0.02265554900340918,0.009820715430894286,113977.64950000001,114390.85700000002,52.29160178959017,-1,Bear
365,2025-09-23,112650.99,113290.5,111458.73,111998.8,12301.3203,-0.005789474198140687,-0.005806298169945148,0.009884444503395694,113992.304,114329.73240000001,51.75163563686656,-1,Bear
366,2025-09-24,111998.8,113940.0,111042.66,113307.0,12369.25967,0.011680482290881589,0.011612792050812145,0.009969080505405186,114121.1105,114313.2774,47.23504723707967,1,Bear
367,2025-09-25,113307.01,113510.23,108631.51,108994.49,21231.14957,-0.03806040226993912,-0.03880361851008345,0.01339388457117621,114037.8355,114193.32180000002,27.777610331037664,-1,Bear
368,2025-09-26,108994.49,110300.0,108620.07,109643.46,14243.01591,0.0059541541962351285,0.0059364982695478945,0.01344730101801779,114010.61000000002,114036.7508,28.27990460240349,1,Bear
369,2025-09-27,109643.46,109743.91,109064.4,109635.85,5501.78643,-6.940678449951498e-05,-6.94091932618392e-05,0.01328661679650339,113935.53550000003,113895.97300000001,28.480461133954435,-1,Bull
370,2025-09-28,109635.85,112350.0,109189.99,112163.95,7542.3316,0.02305906325348861,0.022797220643522374,0.014168063213722094,113940.47149999999,113810.00700000001,40.57941544946003,1,Bull
371,2025-09-29,112163.96,114400.0,111560.65,114311.96,15541.12005,0.01915062727373651,0.01896956203457031,0.014729678263426797,114078.75,113710.366,47.201501090275215,1,Bull
372,2025-09-30,114311.97,114792.0,112656.27,114048.93,15044.15633,-0.002300984079006363,-0.0023036354107678868,0.013953519339072294,114083.1965,113617.6246,42.110467222229545,-1,Bull
373,2025-10-01,114048.94,118649.1,113966.67,118594.99,20036.39516,0.03986061070454605,0.03908667600199795,0.016247388164937256,114238.8115,113586.8428,54.977825334289015,1,Bull
374,2025-10-02,118594.99,121022.07,118279.31,120529.35,19670.83503,0.01631063841735636,0.01617904889913795,0.01657201377736614,114463.80799999999,113531.30119999999,57.55268798780318,1,Bull
375,2025-10-03,120529.35,123894.99,119248.3,122232.0,23936.328,0.014126434764644369,0.014027586512955888,0.01677342367134193,114779.49350000001,113610.0394,64.26045762282632,1,Bull
376,2025-10-04,122232.21,122800.0,121510.0,122391.0,8208.16678,0.0013008050265068682,0.001299959712627995,0.016664682752988078,115135.643,113711.0184,64.42304755406784,1,Bull
377,2025-10-05,122390.99,125708.42,122136.0,123482.31,22043.097553,0.008916587003946264,0.008877068978927581,0.016705665879639942,115542.273,113833.05140000001,67.27152445432583,1,Bull
378,2025-10-06,123482.32,126199.63,123084.0,124658.54,19494.628793,0.009525493975614863,0.009480412513902298,0.016635548202336148,115935.75200000001,113978.12200000002,76.7092871636245,1,Bull
379,2025-10-07,124658.54,125126.0,120574.94,121332.95,21633.99385,-0.02667759465175834,-0.027039899832890336,0.017930923462846703,116180.02000000002,114080.24,68.55575563094716,-1,Bull
380,2025-10-08,121332.96,124197.25,121066.14,123306.0,17012.618,0.016261452474369165,0.01613065116385741,0.01819520038475902,116491.6435,114288.90120000001,69.36553705230146,1,Bull
381,2025-10-09,123306.01,123762.94,119651.47,121662.4,21559.36007,-0.013329440578722873,-0.013419074980521103,0.018241363000188443,116793.14450000001,114436.72439999999,77.36336902750477,-1,Bull
382,2025-10-10,121662.41,122550.0,102000.0,112774.5,64171.93927,-0.07305379476321361,-0.07585974612842505,0.0253121727106047,116647.58800000002,114442.2144,54.98787695346724,-1,Bull
383,2025-10-11,112774.49,113322.39,109561.59,110644.4,35448.51652,-0.01888813517240162,-0.019068794493195606,0.02562026449582159,116418.19350000001,114316.3826,51.50489465662795,-1,Bull
384,2025-10-12,110644.4,115770.0,109565.06,114958.8,32255.30272,0.03899338782622541,0.0382523481182313,0.026639405607317628,116533.58399999999,114306.79759999999,53.95923932060057,1,Bull
385,2025-10-13,114958.81,115963.81,113616.5,115166.0,22557.24033,0.0018023848543999854,0.001800762507920933,0.026591164288818983,116691.94399999999,114340.2458,51.28024781078882,1,Bull
386,2025-10-14,115166.0,115409.96,109866.0,113028.14,31870.32974,-0.018563291249153346,-0.01873775155179968,0.026842166094663222,116678.001,114398.56899999999,48.55122056037999,-1,Bull
387,2025-10-15,113028.13,113612.35,110164.0,110763.28,22986.48811,-0.020038018850880857,-0.020241502815851853,0.02573230583450753,116766.4405,114378.5702,38.11508459817573,-1,Bull
388,2025-10-16,110763.28,111982.45,107427.0,108194.28,29857.17252,-0.023193607123227156,-0.023466811492917763,0.02625826646619682,116693.9815,114317.21560000001,31.634812515353858,-1,Bull
389,2025-10-17,108194.27,109240.0,103528.23,106431.68,37920.66838,-0.016291064555353674,-0.016425222998888867,0.02649238237184407,116533.773,114194.5112,26.517461440371918,-1,Bull
390,2025-10-18,106431.68,107499.0,106322.2,107185.01,11123.18766,0.007078061719969053,0.007053129818340636,0.02596153118712196,116284.826,114170.6634,27.79306499424746,1,Bull
391,2025-10-19,107185.0,109450.07,106103.36,108642.78,15480.66423,0.01360050253295686,0.013508845814879343,0.02575428434560518,116001.36700000001,114167.1924,28.557755301560633,1,Bull
392,2025-10-20,108642.77,111705.56,107402.52,110532.09,19193.4416,0.017390110967337113,0.017240633452995615,0.0261318797479214,115825.525,114212.90719999999,30.000252006352852,1,Bull
393,2025-10-21,110532.09,114000.0,107473.72,108297.67,37228.01659,-0.0202151248565009,-0.02042224657419341,0.024602599367609626,115310.65900000001,114194.11219999999,30.956716356857797,-1,Bull
394,2025-10-22,108297.66,109163.88,106666.69,107567.44,28610.78451,-0.006742804346575482,-0.006765639759505252,0.024115676651571875,114662.5635,114120.6608,26.141102363732628,-1,Bull
395,2025-10-23,107567.45,111293.61,107500.0,110078.18,17573.09294,0.02334107793213258,0.02307284091421478,0.02458514310258528,114054.87250000001,114088.1102,32.88875063072899,1,Bear
396,2025-10-24,110078.19,112104.98,109700.01,111004.89,15005.16913,0.008418652997351561,0.008383413777914583,0.024734829452075814,113485.567,114093.59059999998,46.582250904164894,1,Bear
397,2025-10-25,111004.9,111943.19,110672.86,111646.27,6407.96864,0.005777943656356088,0.005761315360732372,0.02465328493947894,112893.76499999998,114113.31619999999,52.05302828177763,1,Bear
398,2025-10-26,111646.27,115466.8,111260.45,114559.4,13454.47737,0.026092497313165763,0.025757896011683146,0.025414732153213954,112388.808,114200.7448,49.13168401124591,1,Bear
399,2025-10-27,114559.41,116400.0,113830.01,114107.65,21450.23241,-0.0039433691168074825,-0.003951164697453273,0.024841740630950553,112027.54299999999,114260.151,47.723301850141254,-1,Bear
400,2025-10-28,114107.65,116086.0,112211.0,112898.45,15523.42257,-0.010597010805147522,-0.010653558973310539,0.02447137483075282,111507.16549999997,114276.81539999999,49.70940328746914,-1,Bear
401,2025-10-29,112898.44,113643.73,109200.0,110021.29,21079.71376,-0.02548449513700146,-0.025814849578232026,0.024865386332916486,110925.10999999999,114246.3134,48.381823312788164,-1,Bear
402,2025-10-30,110021.3,111592.0,106304.34,108322.88,25988.82838,-0.015437103127948992,-0.015557495821203146,0.018721609202797893,110702.52900000001,114133.571,50.291528798783474,-1,Bear
403,2025-10-31,108322.87,111190.0,108275.28,109608.01,21518.20439,0.011863883235009975,0.011794059086766558,0.01851262171746916,110650.7095,114016.07740000001,57.359883625821254,1,Bear
404,2025-11-01,109608.01,110564.49,109394.81,110098.1,7378.50431,0.004471297307560018,0.004461330755654716,0.016188681983101385,110407.67450000001,113897.451,56.83328931201485,1,Bear
405,2025-11-02,110098.1,111250.01,109471.34,110540.68,12107.00087,0.004019869552698729,0.004011811464844439,0.016224663955330773,110176.40849999999,113789.89880000001,54.674575275957324,1,Bear
406,2025-11-03,110540.69,110750.0,105306.56,106583.04,28681.18779,-0.03580256607793619,-0.03645919836858115,0.017608879476305947,109854.15349999999,113616.1994,41.17277054366907,-1,Bear
407,2025-11-04,106583.05,107299.0,98944.36,101497.22,50534.87376,-0.04771697260652341,-0.048892990692747336,0.020082620141217658,109390.85049999999,113339.14959999999,36.51772781648827,-1,Bear
408,2025-11-05,101497.23,104534.74,98966.8,103885.16,33778.77571,0.023527146851904046,0.02325464931597804,0.020457968008659604,109175.39450000001,113081.07359999999,43.149929607019644,1,Bear
409,2025-11-06,103885.16,104200.0,100300.95,101346.04,25814.62139,-0.024441604556416086,-0.02474525864647728,0.02084694186169856,108921.1125,112779.0426,33.77291212462917,-1,Bear
410,2025-11-07,101346.04,104096.36,99260.86,103339.08,32059.50942,0.01966569192047385,0.0194748205542768,0.021324475023069923,108728.81599999999,112504.35359999999,36.29754196906306,1,Bear
411,2025-11-08,103339.09,103406.22,101454.0,102312.94,12390.77985,-0.009929834869828569,-0.009979464496075391,0.021080820782015067,108412.324,112237.9648,33.543250996662195,-1,Bear
412,2025-11-09,102312.95,105495.62,101400.0,104722.96,16338.97096,0.023555378234659363,0.02328223138207566,0.021426599393444167,108121.86750000001,112018.7114,32.34288455103821,1,Bear
413,2025-11-10,104722.95,106670.11,104265.02,106011.13,22682.25673,0.012300740926345144,0.012225701545984949,0.021248216487015845,108007.5405,111834.28820000001,35.88987419511575,1,Bear
414,2025-11-11,106011.13,107500.0,102476.09,103058.99,24196.50718,-0.027847453375886122,-0.028242545864333283,0.022077878022359092,107782.11799999999,111642.44819999998,33.83443847877662,-1,Bear
415,2025-11-12,103059.0,105333.33,100813.59,101654.37,20457.63906,-0.013629281637633106,-0.013723012931130311,0.02138856409294217,107360.92749999999,111435.5596,35.554779795903855,-1,Bear
416,2025-11-13,101654.37,104085.01,98000.4,99692.02,36198.50771,-0.0193041381300183,-0.019492896160439244,0.021448653498954504,106795.28400000001,111163.26,35.23367140237059,-1,Bear
417,2025-11-14,99692.03,99866.02,94012.45,94594.0,47288.14481,-0.05113769386957956,-0.052491584544810524,0.02369454888548923,105942.67050000001,110875.2502,27.277451904173702,-1,Bear
418,2025-11-15,94594.0,96846.68,94558.49,95596.24,15110.89391,0.010595175169672455,0.01053943964071668,0.022770015823015778,104994.5125,110594.3058,28.38758694527307,1,Bear
419,2025-11-16,95596.23,96635.11,93005.55,94261.44,23889.4051,-0.013962892264381965,-0.014061290467363924,0.022763132049442275,104002.202,110286.8176,26.367209162285917,-1,Bear
420,2025-11-17,94261.45,96043.0,91220.0,92215.14,39218.59806,-0.02170877083991085,-0.02194787294779212,0.022931334103797017,102968.0365,109887.8414,27.91641254789323,-1,Bear
421,2025-11-18,92215.14,93836.01,89253.78,92960.83,39835.14769,0.0080864161785148,0.008053896310369823,0.022961710327716205,102115.0135,109460.8188,34.85950453679759,1,Bear
422,2025-11-19,92960.83,92980.22,88608.0,91554.96,32286.6376,-0.015123251373723723,-0.015238773937443459,0.022956609510089366,101276.61750000001,109010.93939999999,27.34128868457384,-1,Bear
423,2025-11-20,91554.96,93160.0,86100.0,86637.23,39733.19073,-0.05371341978632305,-0.055209816891895,0.02467772255777511,100128.0785,108371.7842,25.143229505531664,-1,Bear
424,2025-11-21,86637.22,87498.94,80600.0,85129.43,72256.12679,-0.01740360350856096,-0.017556826574241523,0.024405654765617558,98879.64499999999,107663.7858,18.713973559792862,-1,Bear
425,2025-11-22,85129.42,85620.0,83500.0,84739.74,14193.93263,-0.00457761786963673,-0.004588127246522274,0.024167346925456613,97589.598,106913.9406,19.132393527027887,-1,Bear
426,2025-11-23,84739.75,88127.64,84667.57,86830.0,19734.46418,0.02466682102163631,0.024367507087485724,0.02491398635937195,96601.946,106202.7206,18.213665471930327,1,Bear
427,2025-11-24,86830.0,89228.0,85272.0,88300.01,24663.12795,0.01692974778302414,0.016788036787637094,0.02385848624710476,95942.0855,105499.07459999999,18.738668263229528,1,Bear
428,2025-11-25,88300.01,88519.99,86116.0,87369.96,19567.0411,-0.010532841389259029,-0.010588704373343843,0.022778088704647616,95116.3255,104753.30299999999,20.17910370596489,-1,Bear
429,2025-11-26,87369.97,90656.08,86306.77,90484.02,21675.82239,0.035642227603171595,0.035021744042270514,0.024417798122453142,94573.2245,104136.3244,30.06353411598913,1,Bear
430,2025-11-27,90484.01,91950.0,90089.91,91333.95,16833.50932,0.009393150304329856,0.009349308992866888,0.023969907283995544,93972.968,103496.88339999999,34.46596871288672,1,Bear
431,2025-11-28,91333.94,93092.0,90180.63,90890.7,18830.86012,-0.004853069422706469,-0.00486488380362324,0.023954456350732095,93401.856,102881.4494,41.67710970312409,-1,Bear
432,2025-11-29,90890.71,91165.65,90155.47,90802.44,7429.88291,-0.000971056444718732,-0.0009715282254700339,0.022992974479674848,92705.83,102442.0082,38.7647243563001,-1,Bear
433,2025-11-30,90802.44,92000.01,90336.9,90360.0,9687.74175,-0.004872556288134988,-0.004884465893088772,0.022548855540238503,91923.2735,102036.3202,40.456985696632394,-1,Bear
434,2025-12-01,90360.01,90417.0,83822.76,86286.01,34509.01227,-0.0450862107127048,-0.04613421557385573,0.023719279160753365,91084.6245,101462.86439999999,36.80599474031587,-1,Bear
435,2025-12-02,86286.01,92307.65,86184.39,91277.88,28210.22732,0.05785259974357393,0.0562410040171468,0.027779451346527553,90565.8,100985.102,46.850202562510276,1,Bear
436,2025-12-03,91277.88,94150.0,90990.23,93429.95,25712.52585,0.023577125147954625,0.023303477601614594,0.028279201750880188,90252.6965,100593.1382,53.41386330854823,1,Bear
437,2025-12-04,93429.95,94080.0,90889.0,92078.06,19803.94059,-0.014469557138797606,-0.014575262088996607,0.025981489711544247,90126.8995,100219.43380000001,61.38459973961703,-1,Bear
438,2025-12-05,92078.06,92692.36,88056.0,89330.04,19792.97218,-0.029844460232980596,-0.030298870064162046,0.026595589693696985,89813.5895,99842.149,58.35583444960354,-1,Bear
439,2025-12-06,89330.04,90289.97,88908.01,89236.79,8409.50016,-0.0010438817669845557,-0.001044426991022257,0.026479714303820647,89562.35699999999,99498.2512,59.052269886289274,-1,Bear
440,2025-12-07,89236.8,91760.0,87719.28,90395.31,13021.11185,0.01298253780755676,0.012898987020788722,0.026295063170693307,89471.3655,99162.4572,57.45643332813275,1,Bear
441,2025-12-08,90395.32,92287.15,89612.0,90634.34,15793.63887,0.0026442743544992098,0.002640784411958209,0.026224767944710535,89355.041,98802.2884,55.14699494589805,1,Bear
442,2025-12-09,90634.35,94588.99,89500.0,92678.8,21240.43014,0.022557233825501566,0.02230658176977993,0.02651421683377198,89411.233,98445.2226,61.1572255773602,1,Bear
443,2025-12-10,92678.81,94476.0,91563.15,92015.37,18998.68083,-0.007158379262571457,-0.007184123390461821,0.023154676430721725,89680.14,98119.5766,53.58791138502022,-1,Bear
444,2025-12-11,92015.38,93555.0,89260.63,92513.38,19972.58758,0.005412247975528528,0.005397654393828906,0.022644789366992105,90049.3375,97818.49539999999,52.80970665350391,1,Bear
445,2025-12-12,92513.38,92754.0,89480.0,90268.42,16679.19169,-0.02426632774632176,-0.024565606595954068,0.023476281406507503,90325.7715,97422.3002,48.63476406525612,-1,Bear
446,2025-12-13,90268.43,90634.55,89766.39,90240.01,5895.70788,-0.00031472800786813693,-0.0003147775451217187,0.022945521694460066,90496.272,97007.00259999999,48.76282151396699,-1,Bear
447,2025-12-14,90240.0,90472.4,87577.36,88172.17,9416.94004,-0.022914891077693733,-0.023181518223391553,0.023320506307196207,90489.88,96537.5206,45.5085965326463,-1,Bear
448,2025-12-15,88172.16,90052.64,85146.64,86432.08,19778.6919,-0.019735138649757622,-0.019932477149059748,0.02363376063233542,90442.986,95974.9742,50.3316478860768,-1,Bear
449,2025-12-16,86432.08,88175.98,85266.0,87863.42,18456.05017,0.016560286412174774,0.016424660160555687,0.02249961567696707,90311.956,95450.0896,40.75239473667104,1,Bear
450,2025-12-17,87863.43,87950.0,86209.11,86791.26,2603.84011,-0.012202575315188091,-0.012277638001088574,0.022471976746187065,90084.82149999999,94927.9458,30.90290143319791,-1,Bear
